"ユーザーID","苗字","名前","メールアドレス","郵便番号","住所","電話番号"
1,"Yoshino","Hiro","h.yoshino2@fujinetworks.co.jp","1010061","misakicho","0332381080"
2,"doe","john","test@sample.com",,"tokyo, chuo-ku 1-2-3","09011112222"
9,"Yoshino","Hiroaki","h.yoshin@fujinetworks.co.jp","1010061","misakicho","0332381080"
11,"Yoshinoaa","Hiroaki","h.yoshino2@fujinetworks.co.jp","1010061","misakicho","0332381080"
12,"Yoshino","Hiroaki","h.yoshino2@fujinetworks.co.jp","","","0332381080"
13,"Yoshino","Hiroaki","h.yoshino2@fujinetworks.co.jp","1010061","misakicho","0332381080"
14,"Yoshino","Hiroaki","h.yoshino2@fujinetworks.co.jp","1010061","misakicho","0332381080"
15,"Yoshino","Hiroaki","h.yoshino2@fujinetworks.co.jp","1010061","misakicho","0332381080"
16,"Yoshino","Hiroaki","h.yoshino2@fujinetworks.co.jp","1010061","misakicho","0332381080"
17,"Yoshino","Hiroaki","h.yoshino2@fujinetworks.co.jp","1010061","misakicho","0332381080"
18,"Yoshino","Hiroaki","h.yoshino2@fujinetworks.co.jp","1010061","misakicho","0332381080"
19,"Yoshino","Hiroaki","h.yoshino2@fujinetworks.co.jp","1010061","misakicho","0332381080"
20,"Yoshino","Hiroaki","h.yoshino2@fujinetworks.co.jp","1010061","misakicho","0332381080"
21,"Yoshino","Hiroaki","h.yoshino2@fujinetworks.co.jp","1010061","misakicho","0332381080"
22,"Yoshino","Hiroaki","h.yoshino2@fujinetworks.co.jp","1010061","misakicho","0332381080"
23,"Yoshino","Hiroaki","h.yoshino2@fujinetworks.co.jp","1010061","misakicho","0332381080"
24,"Yoshino","Hiroaki","h.yoshino2@fujinetworks.co.jp","1010061","misakicho","0332381080"
25,"Yoshino","Hiroaki","h.yoshino2@fujinetworks.co.jp","1010061","misakicho","0332381080"
26,"Yoshino","Hiroaki","h.yoshino2@fujinetworks.co.jp","1010061","misakicho","0332381080"
27,"Yoshino","Hiroaki","h.yoshino2@fujinetworks.co.jp","1010061","misakicho","0332381080"
28,"Yoshino","Hiroaki","h.yoshino2@fujinetworks.co.jp","1010061","misakicho","0332381080"
29,"Yoshino","Hiroaki","h.yoshino2@fujinetworks.co.jp","1010061","misakicho","0332381080"
30,"Yoshino","Hiroaki","h.yoshino2@fujinetworks.co.jp","1010061","misakicho","0332381080"
31,"Yoshino","Hiroaki","h.yoshino2@fujinetworks.co.jp","1010061","misakicho","0332381080"
36,"demo","Hiroaki","h.yoshino2@fujinetworks.co.jp","1010061","misakicho","0332381080"
37,"demo","Hiroaki","h.yoshino2@fujinetworks.co.jp","1010061","misakicho","0332381080"
38,"demo","Hiroaki","h.yoshino2@fujinetworks.co.jp","1010061","misakicho","0332381080"
39,"demoab","Hiroaki","h.yoshino2@fujinetworks.co.jp","1010061","misakicho","0332381080"
40,"demo","Hiroaki","h.yoshino2@fujinetworks.co.jp","","","0332381080"
41,"YoshiY","Hiroakiaa","aaaaaa@fujinetworks.co.jp","a","misakichoYoshin","1"
42,"YoshiY","Hiroakiaa","aaaaaa@fujinetworks.co.jp","a","misakichoYoshin","1"
43,"YoshiY","Hiroakiaa","aaaaaa@fujinetworks.co.jp","a","misakichoYoshin","1"
